{"version":2,"count":3054657,"means":{"mins":[-2.7939032104011345,-2.437505596041379,-2.2742586405716234],"maxs":[2.695131032029451,1.4237716302462937,2.490927313879105],"files":["means_l.webp","means_u.webp"]},"scales":{"codebook":[-11.33556079864502,-11.207767486572266,-11.01040267944336,-10.930477142333984,-10.848100662231445,-10.785032272338867,-10.685975074768066,-10.613609313964844,-10.56047534942627,-10.500378608703613,-10.448238372802734,-10.397543907165527,-10.332941055297852,-10.278587341308594,-10.2271146774292,-10.175039291381836,-10.12789535522461,-10.065054893493652,-10.0061616897583,-9.953340530395508,-9.89330768585205,-9.840482711791992,-9.789535522460938,-9.739726066589355,-9.685025215148926,-9.627960205078125,-9.572400093078613,-9.517090797424316,-9.45952320098877,-9.403983116149902,-9.34945011138916,-9.293050765991211,-9.23589038848877,-9.181061744689941,-9.128328323364258,-9.075573921203613,-9.02217960357666,-8.967536926269531,-8.912516593933105,-8.856712341308594,-8.801323890686035,-8.747235298156738,-8.692142486572266,-8.637149810791016,-8.582789421081543,-8.528002738952637,-8.473278999328613,-8.418804168701172,-8.362784385681152,-8.307480812072754,-8.252016067504883,-8.196937561035156,-8.142592430114746,-8.087503433227539,-8.032147407531738,-7.976643085479736,-7.921748638153076,-7.86670446395874,-7.811955451965332,-7.757343292236328,-7.702203750610352,-7.647200584411621,-7.592308044433594,-7.537440776824951,-7.482424259185791,-7.427806854248047,-7.373506546020508,-7.320649147033691,-7.269941806793213,-7.223011016845703,-7.179925441741943,-7.140010356903076,-7.101837158203125,-7.062985420227051,-7.021804332733154,-6.977705001831055,-6.931018352508545,-6.883588790893555,-6.838531017303467,-6.799088954925537,-6.766291618347168,-6.739811420440674,-6.71742582321167,-6.696260452270508,-6.673924446105957,-6.648552894592285,-6.618602752685547,-6.582437992095947,-6.53995943069458,-6.491811275482178,-6.440120697021484,-6.386272430419922,-6.331719875335693,-6.277339935302734,-6.2232489585876465,-6.170243263244629,-6.119737148284912,-6.0725555419921875,-6.02969217300415,-5.989968299865723,-5.951953411102295,-5.9138054847717285,-5.874462127685547,-5.834003448486328,-5.792561054229736,-5.75014591217041,-5.70641565322876,-5.661098957061768,-5.6141815185546875,-5.566571235656738,-5.520171165466309,-5.476638317108154,-5.436437606811523,-5.398981094360352,-5.364534854888916,-5.332428455352783,-5.30232572555542,-5.273477077484131,-5.244753360748291,-5.215743541717529,-5.185718059539795,-5.154402256011963,-5.121452808380127,-5.0868449211120605,-5.05089807510376,-5.014784336090088,-4.979291915893555,-4.945499897003174,-4.91330099105835,-4.881707191467285,-4.849349021911621,-4.814051628112793,-4.773983001708984,-4.728877544403076,-4.679441452026367,-4.627004146575928,-4.5732197761535645,-4.518778324127197,-4.464109897613525,-4.409634590148926,-4.3564839363098145,-4.305618762969971,-4.2587809562683105,-4.216515064239502,-4.179546356201172,-4.146691799163818,-4.116607666015625,-4.087770938873291,-4.058635711669922,-4.027611255645752,-3.992755174636841,-3.9528422355651855,-3.907609462738037,-3.8577756881713867,-3.804884672164917,-3.750687599182129,-3.6962997913360596,-3.6423938274383545,-3.589940309524536,-3.5399832725524902,-3.4928102493286133,-3.4476053714752197,-3.402482509613037,-3.355607271194458,-3.3061420917510986,-3.2543931007385254,-3.2012012004852295,-3.1474153995513916,-3.0934250354766846,-3.0396859645843506,-2.987633228302002,-2.9389407634735107,-2.8933968544006348,-2.8524296283721924,-2.81376051902771,-2.7756810188293457,-2.736168384552002,-2.6929192543029785,-2.645328998565674,-2.5949769020080566,-2.5417239665985107,-2.488703727722168,-2.4332354068756104,-2.3778960704803467,-2.3222062587738037,-2.2678093910217285,-2.2137789726257324,-2.1595253944396973,-2.1039199829101562,-2.0480844974517822,-1.9922657012939453,-1.9377472400665283,-1.8833205699920654,-1.8304674625396729,-1.7751375436782837,-1.7166767120361328,-1.6628944873809814,-1.606301188468933,-1.5515106916427612,-1.4973278045654297,-1.4431726932525635,-1.3866991996765137,-1.3324748277664185,-1.2804718017578125,-1.2265520095825195,-1.1681482791900635,-1.1140539646148682,-1.0598645210266113,-1.0050795078277588,-0.9520277976989746,-0.894366979598999,-0.8415336608886719,-0.7804614901542664,-0.7194110155105591,-0.6649388670921326,-0.6164133548736572,-0.5607603192329407,-0.5053042769432068,-0.4444366693496704,-0.3938550353050232,-0.3397265374660492,-0.28926223516464233,-0.24495643377304077,-0.19186775386333466,-0.1329202950000763,-0.06899426132440567,-0.012494544498622417,0.05704900994896889,0.11454148590564728,0.1662999540567398,0.2135557234287262,0.2650560140609741,0.32357892394065857,0.37235960364341736,0.4407850503921509,0.4959535002708435,0.5476847887039185,0.6122164726257324,0.6579244136810303,0.6969001293182373,0.7447841167449951,0.7926377654075623,0.8755525350570679,0.9334509968757629,0.9779890775680542,1.014269471168518,1.0771878957748413,1.1251322031021118,1.2178466320037842,1.277325987815857,1.317327857017517,1.376618504524231,1.414984941482544,1.6891268491744995,2.1509580612182617,2.685976266860962],"files":["scales.webp"]},"quats":{"files":["quats.webp"]},