{"version":2,"count":11088967,"means":{"mins":[-4.517618640717292,-3.281369749116049,-4.73888940620201],"maxs":[4.376586889703647,2.65887396273616,2.0384287096480667],"files":["means_l.webp","means_u.webp"]},"scales":{"codebook":[-11.154374122619629,-11.063396453857422,-11.063029289245605,-11.00052547454834,-10.927224159240723,-10.839309692382812,-10.797648429870605,-10.731305122375488,-10.666558265686035,-10.586068153381348,-10.517340660095215,-10.466548919677734,-10.4135160446167,-10.348910331726074,-10.287760734558105,-10.22839641571045,-10.17198657989502,-10.110843658447266,-10.048396110534668,-9.985766410827637,-9.925355911254883,-9.864426612854004,-9.805490493774414,-9.746325492858887,-9.68616008758545,-9.626492500305176,-9.566444396972656,-9.503761291503906,-9.442580223083496,-9.38033676147461,-9.319363594055176,-9.258671760559082,-9.197324752807617,-9.137075424194336,-9.07742691040039,-9.017512321472168,-8.957111358642578,-8.895703315734863,-8.83470630645752,-8.773879051208496,-8.712268829345703,-8.651094436645508,-8.59025764465332,-8.5291109085083,-8.468873023986816,-8.407854080200195,-8.346522331237793,-8.285544395446777,-8.22540283203125,-8.164691925048828,-8.104905128479004,-8.047184944152832,-7.992353439331055,-7.940428256988525,-7.890453815460205,-7.8400068283081055,-7.787901878356934,-7.732415199279785,-7.673895835876465,-7.614155292510986,-7.5532917976379395,-7.492054462432861,-7.431395530700684,-7.370973110198975,-7.311428070068359,-7.253591537475586,-7.198497772216797,-7.146634101867676,-7.096751689910889,-7.047426700592041,-6.997658729553223,-6.94749116897583,-6.8977437019348145,-6.848625183105469,-6.799358367919922,-6.748984336853027,-6.697356700897217,-6.645323276519775,-6.594133377075195,-6.54436731338501,-6.494526386260986,-6.443051338195801,-6.388753414154053,-6.331324577331543,-6.272046089172363,-6.211725234985352,-6.1509690284729,-6.090172290802002,-6.029345512390137,-5.968442916870117,-5.907599925994873,-5.846782684326172,-5.785834312438965,-5.724857807159424,-5.66395378112793,-5.60310173034668,-5.542609214782715,-5.483266830444336,-5.425746917724609,-5.3709282875061035,-5.319289207458496,-5.269859313964844,-5.221616744995117,-5.1735358238220215,-5.125479698181152,-5.077537536621094,-5.029551982879639,-4.980436325073242,-4.929952144622803,-4.8789873123168945,-4.828529357910156,-4.779061794281006,-4.729770660400391,-4.679527282714844,-4.6278862953186035,-4.576000213623047,-4.525078773498535,-4.475201606750488,-4.4254469871521,-4.374296188354492,-4.321202278137207,-4.2671051025390625,-4.2139573097229,-4.162613868713379,-4.11268424987793,-4.062463760375977,-4.010501384735107,-3.9564104080200195,-3.9011194705963135,-3.8466575145721436,-3.794482707977295,-3.7447686195373535,-3.69677472114563,-3.649458169937134,-3.60217547416687,-3.5548489093780518,-3.506769895553589,-3.4569296836853027,-3.404235363006592,-3.3490023612976074,-3.292586326599121,-3.2370104789733887,-3.183851718902588,-3.133289337158203,-3.0837314128875732,-3.0329253673553467,-2.979290246963501,-2.9227023124694824,-2.8638546466827393,-2.8037478923797607,-2.74310302734375,-2.682438850402832,-2.6217005252838135,-2.560852527618408,-2.49988055229187,-2.4393136501312256,-2.378577470779419,-2.3177683353424072,-2.2569315433502197,-2.196274995803833,-2.135500431060791,-2.0747978687286377,-2.013826370239258,-1.9528918266296387,-1.8919565677642822,-1.8309435844421387,-1.770264744758606,-1.7104160785675049,-1.6526724100112915,-1.5974427461624146,-1.544798731803894,-1.4944840669631958,-1.4447590112686157,-1.3930649757385254,-1.3383750915527344,-1.2810567617416382,-1.2216295003890991,-1.1603460311889648,-1.0991629362106323,-1.0380195379257202,-0.9764216542243958,-0.915718674659729,-0.8556157946586609,-0.7947633862495422,-0.733439564704895,-0.671258270740509,-0.6106845140457153,-0.5493122339248657,-0.4882079064846039,-0.42704305052757263,-0.3650416433811188,-0.3045295178890228,-0.2429535686969757,-0.18287624418735504,-0.12311418354511261,-0.06372471898794174,-0.002889716299250722,0.058195654302835464,0.1195727288722992,0.1826092004776001,0.24563218653202057,0.3075847625732422,0.36877602338790894,0.4289088547229767,0.4917057156562805,0.5552882552146912,0.6126496195793152,0.6701681613922119,0.729820191860199,0.7894530296325684,0.8484788537025452,0.9106828570365906,0.9755641222000122,1.0335055589675903,1.0994294881820679,1.1636730432510376,1.222093939781189,1.2815890312194824,1.3460304737091064,1.407480001449585,1.4605900049209595,1.5057709217071533,1.5843833684921265,1.6512371301651,1.7235664129257202,1.7632161378860474,1.8189573287963867,1.8903013467788696,1.9517632722854614,2.0213394165039062,2.0884406566619873,2.205336332321167,2.267977714538574,2.3131206035614014,2.3621551990509033,2.4379191398620605,2.4817967414855957,2.567164421081543,2.6237099170684814,2.708524227142334,2.764733076095581,2.8650825023651123,2.9653124809265137,3.138974905014038,3.277674913406372,3.3791234493255615,3.4704079627990723,3.5335395336151123,3.6177332401275635,3.646205425262451,3.700808525085449,3.7976338863372803,3.8715438842773438,3.887383460998535,4.051225662231445,4.395220756530762],"files":["scales.webp"]},"quats":{"files":["quats.webp"]},